AREA_NAME,HOOD_ID,ASSAULT_2021,ASSAULT_RATE_2021,AUTOTHEFT_2021,AUTOTHEFT_RATE_2021,BIKETHEFT_2021,BIKETHEFT_RATE_2021,BREAKENTER_2021,BREAKENTER_RATE_2021,HOMICIDE_2021,HOMICIDE_RATE_2021,ROBBERY_2021,ROBBERY_RATE_2021,SHOOTING_2021,SHOOTING_RATE_2021,THEFTFROMMV_2021,THEFTFROMMV_RATE_2021,THEFTOVER_2021,THEFTOVER_RATE_2021,TOTAL_CRIME_COUNT
South Eglinton-Davisville,174,106,429.55,15,60.79,33,133.73,44,178.3,1,4.05,9,36.47,0,0.0,22,89.15,6,24.31,236
North Toronto,173,118,703.09,14,83.42,23,137.04,49,291.96,0,0.0,12,71.5,1,5.96,16,95.33,2,11.92,235
Dovercourt Village,172,115,883.39,10,76.82,27,207.41,19,145.95,0,0.0,22,169.0,2,15.36,18,138.27,2,15.36,215
Junction-Wallace Emerson,171,182,735.0,34,137.31,36,145.38,76,306.92,0,0.0,11,44.42,4,16.15,53,214.04,8,32.31,404
Yonge-Bay Corridor,170,325,2359.35,16,116.15,167,1212.34,112,813.07,1,7.26,50,362.98,0,0.0,63,457.35,26,188.75,760
Bay-Cloverhill,169,146,779.04,23,122.73,58,309.48,38,202.76,0,0.0,21,112.05,0,0.0,21,112.05,10,53.36,317
Bendale-Glen Andrew,156,129,643.36,76,379.03,4,19.95,19,94.76,0,0.0,49,244.38,5,24.94,41,204.48,7,34.91,330
Downsview,155,138,731.71,61,323.44,6,31.81,28,148.46,0,0.0,11,58.32,0,0.0,56,296.92,5,26.51,305
Oakdale-Beverley Heights,154,292,1312.54,115,516.92,9,40.45,63,283.18,0,0.0,29,130.35,9,40.45,113,507.93,18,80.91,648
Avondale,153,49,335.87,30,205.63,20,137.09,17,116.53,0,0.0,6,41.13,0,0.0,25,171.36,5,34.27,152
East Willowdale,152,54,333.48,47,290.25,12,74.11,26,160.56,0,0.0,10,61.76,1,6.18,54,333.48,5,30.88,209
Yonge-Doris,151,71,331.2,37,172.6,13,60.64,19,88.63,0,0.0,25,116.62,0,0.0,78,363.86,9,41.98,252
Fenside-Parkwoods,150,86,399.83,33,153.42,5,23.25,20,92.98,1,4.65,8,37.19,3,13.95,45,209.21,4,18.6,205
Parkwoods-O'Connor Hills,149,52,359.61,20,138.31,3,20.75,17,117.57,0,0.0,16,110.65,1,6.92,29,200.55,1,6.92,139
East L'Amoreaux,148,79,351.31,19,84.49,2,8.89,14,62.26,0,0.0,7,31.13,2,8.89,17,75.6,4,17.79,144
L'Amoreaux West,147,101,448.17,19,84.31,7,31.06,17,75.43,0,0.0,8,35.5,3,13.31,37,164.18,3,13.31,195
Malvern East,146,140,514.31,43,157.97,7,25.72,20,73.47,1,3.67,22,80.82,4,14.69,26,95.51,2,7.35,265
Malvern West,145,91,501.41,22,121.22,1,5.51,14,77.14,2,11.02,20,110.2,6,33.06,24,132.24,2,11.02,182
Morningside Heights,144,88,336.78,76,290.85,4,15.31,25,95.68,1,3.83,12,45.92,3,11.48,54,206.66,7,26.79,270
West Rouge,143,67,308.39,38,174.91,3,13.81,22,101.26,1,4.6,7,32.22,6,27.62,31,142.69,4,18.41,179
Woburn North,142,181,649.44,56,200.93,4,14.35,28,100.47,0,0.0,12,43.06,7,25.12,78,279.87,8,28.7,374
Golfdale-Cedarbrae-Woburn,141,183,640.24,51,178.43,2,7.0,27,94.46,2,7.0,21,73.47,13,45.48,61,213.41,5,17.49,365
Guildwood,140,36,355.13,13,128.24,0,0.0,7,69.05,2,19.73,4,39.46,0,0.0,33,325.54,0,0.0,95
Scarborough Village,139,120,687.32,26,148.92,5,28.64,22,126.01,0,0.0,15,85.92,3,17.18,62,355.12,6,34.37,259
Eglinton East,138,162,679.44,42,176.15,2,8.39,30,125.82,3,12.58,17,71.3,8,33.55,50,209.71,1,4.19,315
West Hill,136,328,1111.19,75,254.08,18,60.98,70,237.14,0,0.0,43,145.67,5,16.94,141,477.67,4,13.55,684
Morningside,135,83,451.16,33,179.38,0,0.0,16,86.97,0,0.0,5,27.18,3,16.31,21,114.15,1,5.44,162
Highland Creek,134,38,288.01,30,227.38,0,0.0,5,37.9,1,7.58,2,15.16,0,0.0,24,181.9,1,7.58,101
Centennial Scarborough,133,37,265.44,23,165.0,0,0.0,5,35.87,0,0.0,6,43.04,0,0.0,36,258.27,2,14.35,109
Milliken,130,63,246.24,80,312.68,8,31.27,89,347.86,1,3.91,16,62.54,6,23.45,67,261.87,8,31.27,338
Agincourt North,129,62,213.88,52,179.38,2,6.9,18,62.09,0,0.0,7,24.15,0,0.0,32,110.39,2,6.9,175
Agincourt South-Malvern West,128,152,594.17,39,152.45,10,39.09,44,172.0,1,3.91,19,74.27,5,19.54,86,336.17,6,23.45,362
Dorset Park,126,141,547.13,49,190.14,8,31.04,38,147.45,3,11.64,17,65.97,6,23.28,92,356.99,4,15.52,358
Ionview,125,92,660.78,10,71.82,1,7.18,18,129.28,0,0.0,4,28.73,0,0.0,40,287.29,3,21.55,168
Kennedy Park,124,185,1037.23,34,190.63,9,50.46,35,196.23,2,11.21,27,151.38,2,11.21,65,364.43,4,22.43,363
Cliffcrest,123,98,585.04,31,185.06,2,11.94,30,179.09,1,5.97,13,77.61,0,0.0,73,435.79,3,17.91,251
Birchcliffe-Cliffside,122,142,591.64,31,129.16,11,45.83,42,174.99,0,0.0,14,58.33,1,4.17,68,283.32,4,16.67,313
Downtown Yonge East,168,594,3034.02,44,224.74,164,837.67,161,822.35,0,0.0,96,490.35,7,35.75,114,582.29,26,132.8,1206
Church-Wellesley,167,403,1690.65,34,142.64,99,415.32,87,364.98,0,0.0,41,172.0,2,8.39,58,243.32,21,88.1,745
St Lawrence-East Bayfront-The Islands,166,355,1079.68,31,94.28,131,398.42,150,456.2,0,0.0,43,130.78,2,6.08,76,231.14,22,66.91,810
Harbourfront-CityPlace,165,278,925.9,27,89.93,91,303.08,54,179.85,0,0.0,23,76.6,6,19.98,51,169.86,9,29.98,539
Wellington Place,164,341,1240.05,46,167.28,101,367.29,148,538.2,1,3.64,19,69.09,6,21.82,105,381.83,20,72.73,787
Fort York-Liberty Village,163,153,713.75,14,65.31,54,251.91,41,191.27,0,0.0,7,32.66,2,9.33,38,177.27,17,79.31,326
West Queen West,162,106,736.98,11,76.48,37,257.25,51,354.59,0,0.0,11,76.48,1,6.95,52,361.54,6,41.72,275
Humber Bay Shores,161,102,452.15,25,110.82,23,101.95,29,128.55,0,0.0,6,26.6,1,4.43,20,88.66,6,26.6,212
Mimico-Queensway,160,268,1329.63,32,158.76,18,89.3,25,124.03,0,0.0,8,39.69,2,9.92,35,173.65,7,34.73,395
Etobicoke City Centre,159,156,620.7,118,469.5,23,91.51,76,302.39,1,3.98,11,43.77,3,11.94,127,505.31,32,127.32,547
Islington,158,56,227.14,58,235.26,8,32.45,44,178.47,0,0.0,11,44.62,1,4.06,38,154.13,6,24.34,222
Bendale South,157,61,539.01,15,132.54,3,26.51,4,35.35,0,0.0,7,61.85,2,17.67,26,229.74,0,0.0,118
Caledonia-Fairbank,109,64,610.4,8,76.3,3,28.61,10,95.37,0,0.0,2,19.07,2,19.07,20,190.75,5,47.69,114
Briar Hill-Belgravia,108,71,465.33,28,183.51,1,6.55,40,262.16,1,6.55,16,104.86,0,0.0,60,393.24,3,19.66,220
Oakwood Village,107,98,450.43,28,128.69,11,50.56,35,160.87,0,0.0,12,55.15,3,13.79,55,252.79,8,36.77,250
Humewood-Cedarvale,106,49,336.33,34,233.37,16,109.82,19,130.41,0,0.0,3,20.59,0,0.0,39,267.69,2,13.73,162
Lawrence Park North,105,44,287.92,46,301.01,19,124.33,20,130.87,0,0.0,8,52.35,0,0.0,27,176.68,1,6.54,165
Lawrence Park South,103,30,192.12,62,397.05,17,108.87,26,166.51,0,0.0,7,44.83,0,0.0,27,172.91,2,12.81,171
Forest Hill North,102,40,310.17,37,286.91,5,38.77,12,93.05,0,0.0,3,23.26,1,7.75,39,302.42,2,15.51,139
Forest Hill South,101,16,139.81,75,655.37,21,183.5,25,218.46,0,0.0,2,17.48,0,0.0,27,235.93,3,26.21,169
Yonge-Eglinton,100,64,492.99,28,215.68,14,107.84,31,238.79,0,0.0,4,30.81,0,0.0,22,169.47,2,15.41,165
Mount Pleasant East,99,48,283.1,38,224.12,23,135.65,33,194.63,0,0.0,9,53.08,0,0.0,27,159.25,3,17.69,181
Rosedale-Moore Park,98,157,745.81,73,346.78,54,256.52,64,304.02,1,4.75,29,137.76,1,4.75,34,161.51,8,38.0,421
Yonge-St.Clair,97,51,372.7,13,95.0,12,87.69,30,219.23,0,0.0,5,36.54,0,0.0,23,168.08,3,21.92,137
Casa Loma,96,46,388.25,21,177.25,18,151.92,35,295.41,0,0.0,1,8.44,1,8.44,8,67.52,4,33.76,134
Annex,95,324,1006.21,39,121.12,123,381.99,157,487.58,0,0.0,52,161.49,1,3.11,82,254.66,34,105.59,812
Wychwood,94,56,386.69,13,89.77,13,89.77,33,227.87,0,0.0,5,34.53,1,6.91,13,89.77,2,13.81,136
Corso Italia-Davenport,92,119,858.15,24,173.07,12,86.54,31,223.55,0,0.0,1,7.21,0,0.0,23,165.86,4,28.85,214
Weston-Pelham Park,91,92,812.0,16,141.22,2,17.65,23,203.0,0,0.0,6,52.96,4,35.3,17,150.04,1,8.83,161
Junction Area,90,116,784.9,27,182.69,15,101.5,45,304.49,0,0.0,9,60.9,0,0.0,36,243.59,5,33.83,253
Oakridge,121,190,1307.91,20,137.67,8,55.07,28,192.74,0,0.0,22,151.44,3,20.65,66,454.33,5,34.42,342
Clairlea-Birchmount,120,231,800.33,49,169.77,12,41.58,57,197.48,1,3.46,9,31.18,2,6.93,140,485.05,14,48.51,515
Wexford/Maryvale,119,216,726.71,92,309.52,10,33.64,70,235.51,2,6.73,28,94.2,5,16.82,139,467.65,15,50.47,577
Tam O'Shanter-Sullivan,118,119,414.98,59,205.75,7,24.41,15,52.31,0,0.0,11,38.36,5,17.44,58,202.26,5,17.44,279
Steeles,116,49,204.26,45,187.59,0,0.0,17,70.87,0,0.0,7,29.18,1,4.17,27,112.55,2,8.34,148
Mount Dennis,115,98,703.97,26,186.77,6,43.1,15,107.75,1,7.18,11,79.02,2,14.37,33,237.05,3,21.55,195
Lambton Baby Point,114,34,410.83,11,132.91,6,72.5,6,72.5,0,0.0,0,0.0,0,0.0,7,84.58,1,12.08,65
Weston,113,204,1031.03,60,303.24,6,30.32,36,181.95,0,0.0,25,126.35,4,20.22,70,353.79,5,25.27,410
Beechborough-Greenbrook,112,58,866.45,18,268.9,0,0.0,7,104.57,2,29.88,13,194.2,5,74.69,13,194.2,0,0.0,116
Rockcliffe-Smythe,111,139,600.09,47,202.91,11,47.49,35,151.1,1,4.32,16,69.08,12,51.81,42,181.32,5,21.59,308
Keelesdale-Eglinton West,110,74,619.87,24,201.04,2,16.75,27,226.17,3,25.13,7,58.64,2,16.75,34,284.8,1,8.38,174
Palmerston-Little Italy,80,72,517.87,10,71.93,28,201.4,32,230.17,1,7.19,9,64.73,0,0.0,22,158.24,0,0.0,174
University,79,95,1191.82,9,112.91,62,777.82,32,401.46,0,0.0,10,125.45,1,12.55,21,263.46,5,62.73,235
Kensington-Chinatown,78,405,2046.18,24,121.25,110,555.75,98,495.12,2,10.1,32,161.67,9,45.47,92,464.81,22,111.15,794
North St.James Town,74,265,1344.63,20,101.48,25,126.85,45,228.33,0,0.0,16,81.19,3,15.22,40,202.96,3,15.22,417
Moss Park,73,625,2565.16,50,205.21,96,394.01,154,632.05,1,4.1,88,361.17,3,12.31,126,517.14,17,69.77,1160
Regent Park,72,185,1366.42,9,66.47,14,103.4,32,236.35,1,7.39,16,118.18,2,14.77,22,162.49,6,44.32,287
Cabbagetown-South St.James Town,71,125,1067.55,5,42.7,38,324.54,68,580.75,1,8.54,14,119.57,0,0.0,50,427.02,7,59.78,308
South Riverdale,70,224,753.24,48,161.41,94,316.09,135,453.96,2,6.73,31,104.24,2,6.73,124,416.97,21,70.62,681
Blake-Jones,69,47,599.57,5,63.78,19,242.38,27,344.43,0,0.0,13,165.84,1,12.76,13,165.84,2,25.51,127
North Riverdale,68,57,476.23,13,108.61,17,142.03,32,267.36,1,8.35,5,41.77,1,8.35,32,267.36,0,0.0,158
Playter Estates-Danforth,67,57,719.88,8,101.04,26,328.37,41,517.81,0,0.0,12,151.55,1,12.63,34,429.4,2,25.26,181
Danforth,66,92,941.18,22,225.06,66,675.19,51,521.74,0,0.0,12,122.76,0,0.0,51,521.74,5,51.15,299
Greenwood-Coxwell,65,109,735.44,18,121.45,61,411.58,38,256.39,0,0.0,14,94.46,2,13.49,59,398.08,7,47.23,308
Woodbine Corridor,64,73,571.74,13,101.82,19,148.81,31,242.79,1,7.83,8,62.66,0,0.0,33,258.46,2,15.66,180
The Beaches,63,93,414.97,30,133.86,21,93.7,39,174.02,0,0.0,17,75.86,0,0.0,48,214.18,7,31.23,255
East End-Danforth,62,184,800.35,39,169.64,42,182.69,67,291.43,2,8.7,28,121.79,2,8.7,83,361.03,8,34.8,455
Taylor-Massey,61,116,735.67,20,126.84,17,107.81,16,101.47,0,0.0,10,63.42,2,12.68,54,342.47,10,63.42,245
Woodbine-Lumsden,60,33,400.49,9,109.22,3,36.41,11,133.5,0,0.0,2,24.27,0,0.0,32,388.35,0,0.0,90
Danforth East York,59,58,326.43,16,90.05,22,123.82,23,129.45,0,0.0,5,28.14,1,5.63,58,326.43,4,22.51,187
Old East York,58,38,399.58,19,199.79,4,42.06,6,63.09,0,0.0,8,84.12,0,0.0,21,220.82,5,52.58,101
Runnymede-Bloor West Village,89,26,244.22,22,206.65,7,65.75,12,112.72,0,0.0,6,56.36,0,0.0,24,225.44,8,75.15,105
High Park North,88,99,425.88,20,86.04,32,137.66,38,163.47,0,0.0,12,51.62,0,0.0,29,124.75,5,21.51,235
High Park-Swansea,87,81,338.4,24,100.27,28,116.98,28,116.98,0,0.0,9,37.6,2,8.36,31,129.51,4,16.71,207
Roncesvalles,86,107,695.03,18,116.92,24,155.89,67,435.21,0,0.0,12,77.95,4,25.98,43,279.31,8,51.96,283
South Parkdale,85,257,1126.6,17,74.52,32,140.28,63,276.17,0,0.0,20,87.67,3,13.15,50,219.18,6,26.3,448
Little Portugal,84,105,630.18,7,42.01,41,246.07,40,240.07,0,0.0,10,60.02,1,6.0,26,156.04,7,42.01,237
Dufferin Grove,83,79,664.2,20,168.15,28,235.41,29,243.82,0,0.0,4,33.63,1,8.41,23,193.37,3,25.22,187
Trinity-Bellwoods,81,128,773.04,20,120.79,40,241.58,49,295.93,0,0.0,21,126.83,2,12.08,28,169.1,8,48.32,296
Don Valley Village,47,125,443.33,34,120.58,17,60.29,31,109.94,0,0.0,17,60.29,2,7.09,63,223.44,11,39.01,300
Pleasant View,46,26,163.58,14,88.08,8,50.33,17,106.96,0,0.0,9,56.63,0,0.0,73,459.29,6,37.75,153
Flemingdon Park,44,147,624.26,17,72.19,5,21.23,10,42.47,1,4.25,4,16.99,8,33.97,35,148.63,2,8.49,229
Victoria Village,43,95,519.18,40,218.6,3,16.4,22,120.23,0,0.0,8,43.72,3,16.4,64,349.77,5,27.33,240
Banbury-Don Mills,42,86,301.68,36,126.28,12,42.09,23,80.68,0,0.0,3,10.52,2,7.02,40,140.32,8,28.06,210
Bridle Path-Sunnybrook-York Mills,41,43,423.23,39,383.86,1,9.84,19,187.01,0,0.0,5,49.21,0,0.0,12,118.11,1,9.84,120
St.Andrew-Windfields,40,53,299.66,65,367.5,14,79.15,33,186.58,0,0.0,2,11.31,0,0.0,63,356.19,7,39.58,237
Bedford Park-Nortown,39,44,189.75,105,452.8,3,12.94,30,129.37,0,0.0,10,43.12,2,8.62,50,215.62,4,17.25,248
Lansing-Westgate,38,93,556.32,63,376.86,11,65.8,16,95.71,0,0.0,12,71.78,3,17.95,40,239.28,5,29.91,243
Willowdale West,37,81,449.13,32,177.43,19,105.35,16,88.72,0,0.0,28,155.25,0,0.0,66,365.96,9,49.9,251
Newtonbrook West,36,202,805.1,96,382.62,17,67.76,35,139.5,0,0.0,17,67.76,0,0.0,81,322.84,9,35.87,457
Westminster-Branson,35,89,329.12,61,225.58,17,62.87,25,92.45,0,0.0,8,29.58,2,7.4,59,218.18,7,25.89,268
Bathurst Manor,34,55,327.44,44,261.95,5,29.77,18,107.16,0,0.0,9,53.58,1,5.95,34,202.42,1,5.95,167
Clanton Park,33,94,509.57,90,487.88,12,65.05,36,195.15,1,5.42,13,70.47,0,0.0,74,401.15,7,37.95,327
Englemount-Lawrence,32,88,392.65,37,165.09,13,58.0,23,102.62,1,4.46,7,31.23,4,17.85,62,276.64,9,40.16,244
Yorkdale-Glen Park,31,162,901.1,96,533.99,29,161.31,63,350.43,1,5.56,17,94.56,9,50.06,112,622.98,21,116.81,510
Brookhaven-Amesbury,30,123,672.5,49,267.91,7,38.27,25,136.69,3,16.4,15,82.01,4,21.87,47,256.97,5,27.34,278
Maple Leaf,29,33,314.95,13,124.07,1,9.54,10,95.44,0,0.0,1,9.54,2,19.09,19,181.33,3,28.63,82
Rustic,28,76,765.97,16,161.26,0,0.0,7,70.55,2,20.16,6,60.47,8,80.63,13,131.02,0,0.0,128
York University Heights,27,332,1109.66,174,581.57,18,60.16,114,381.03,6,20.05,40,133.69,14,46.79,200,668.47,32,106.96,930
Glenfield-Jane Heights,25,309,982.54,106,337.05,6,19.08,41,130.37,5,15.9,26,82.67,17,54.06,95,302.08,7,22.26,612
Broadview North,57,55,472.1,11,94.42,10,85.84,18,154.51,1,8.58,10,85.84,1,8.58,22,188.84,1,8.58,129
Leaside-Bennington,56,50,288.85,86,496.82,28,161.76,39,225.3,0,0.0,3,17.33,1,5.78,40,231.08,3,17.33,250
Thorncliffe Park,55,118,546.47,16,74.1,17,78.73,35,162.09,0,0.0,14,64.84,3,13.89,35,162.09,0,0.0,238
O'Connor-Parkview,54,115,589.83,43,220.55,7,35.9,38,194.9,1,5.13,12,61.55,2,10.26,65,333.38,2,10.26,285
Henry Farm,53,94,446.17,33,156.64,19,90.18,24,113.92,0,0.0,7,33.23,0,0.0,100,474.65,6,28.48,283
Bayview Village,52,71,299.05,42,176.9,11,46.33,29,122.15,0,0.0,4,16.85,3,12.64,45,189.54,9,37.91,214
Newtonbrook East,50,95,567.44,46,274.76,9,53.76,27,161.27,0,0.0,14,83.62,1,5.97,37,221.0,8,47.78,237
Bayview Woods-Steeles,49,26,199.4,27,207.07,1,7.67,10,76.69,0,0.0,2,15.34,0,0.0,26,199.4,2,15.34,94
Hillcrest Village,48,44,258.84,40,235.31,4,23.53,20,117.65,1,5.88,10,58.83,1,5.88,56,329.43,4,23.53,180
Alderwood,20,27,206.14,31,236.68,0,0.0,17,129.79,0,0.0,2,15.27,0,0.0,47,358.83,4,30.54,128
Long Branch,19,95,798.12,41,344.45,11,92.41,15,126.02,1,8.4,1,8.4,3,25.2,39,327.65,3,25.2,209
New Toronto,18,116,971.36,15,125.61,9,75.36,18,150.73,0,0.0,14,117.23,3,25.12,24,200.97,5,41.87,204
Stonegate-Queensway,16,78,292.19,70,262.22,5,18.73,30,112.38,1,3.75,18,67.43,0,0.0,58,217.27,7,26.22,267
Kingsway South,15,32,346.81,36,390.16,6,65.03,9,97.54,0,0.0,13,140.89,0,0.0,18,195.08,3,32.51,117
Etobicoke West Mall,13,47,368.83,17,133.41,4,31.39,12,94.17,0,0.0,2,15.69,0,0.0,18,141.25,3,23.54,103
Markland Wood,12,25,229.76,22,202.19,1,9.19,9,82.71,0,0.0,8,73.52,0,0.0,23,211.38,0,0.0,88
Eringate-Centennial-West Deane,11,39,203.33,66,344.09,0,0.0,14,72.99,0,0.0,4,20.85,1,5.21,34,177.26,2,10.43,160
Princess-Rosethorn,10,25,216.26,23,198.96,5,43.25,11,95.16,0,0.0,2,17.3,1,8.65,33,285.47,2,17.3,102
Edenbridge-Humber Valley,9,35,218.08,30,186.93,6,37.39,16,99.69,0,0.0,1,6.23,2,12.46,24,149.54,2,12.46,116
Humber Heights-Westmount,8,32,294.25,21,193.1,3,27.59,16,147.13,2,18.39,1,9.2,5,45.98,33,303.45,5,45.98,118
Willowridge-Martingrove-Richview,7,58,249.06,58,249.06,6,25.76,22,94.47,2,8.59,6,25.76,3,12.88,54,231.88,3,12.88,212
Kingsview Village-The Westway,6,99,431.05,84,365.74,3,13.06,17,74.02,1,4.35,9,39.19,7,30.48,94,409.28,8,34.83,322
Elms-Old Rexdale,5,69,708.64,51,523.78,0,0.0,10,102.7,0,0.0,7,71.89,7,71.89,18,184.86,3,30.81,165
Rexdale-Kipling,4,49,451.57,41,377.85,2,18.43,29,267.26,0,0.0,10,92.16,1,9.22,55,506.87,2,18.43,189
Thistletown-Beaumond Heights,3,61,583.51,44,420.89,1,9.57,8,76.53,0,0.0,6,57.39,1,9.57,40,382.63,2,19.13,163
Mount Olive-Silverstone-Jamestown,2,211,640.79,77,233.84,6,18.22,16,48.59,0,0.0,50,151.85,10,30.37,83,252.07,3,9.11,456
West Humber-Clairville,1,242,684.25,498,1408.09,12,33.93,98,277.09,1,2.83,53,149.86,5,14.14,378,1068.79,54,152.68,1341
Black Creek,24,212,955.17,65,292.86,7,31.54,27,121.65,0,0.0,15,67.58,15,67.58,66,297.36,9,40.55,416
Pelmo Park-Humberlea,23,57,484.94,67,570.02,3,25.52,12,102.09,2,17.02,4,34.03,2,17.02,48,408.37,2,17.02,197
Humbermede,22,117,659.23,57,321.16,2,11.27,30,169.03,0,0.0,18,101.42,4,22.54,44,247.92,13,73.25,285
Humber Summit,21,113,887.25,139,1091.39,2,15.7,41,321.92,1,7.85,14,109.92,3,23.56,86,675.25,29,227.7,428
